{"schemaVersion":"1.0","appDefinitionTemplate":{"id":"/providers/Microsoft.PowerApps/apps/","type":"Microsoft.PowerApps/apps","tags":{"primaryDeviceWidth":"1366","primaryDeviceHeight":"768","supportsPortrait":"true","supportsLandscape":"true","primaryFormFactor":"Tablet","publisherVersion":"3.23041.11","minimumRequiredApiVersion":"2.2.0","hasComponent":"false","hasUnlockedComponent":"false","isUnifiedRootApp":"false","sienaVersion":"20231002T144042Z-3.23041.11.0"},"properties":{"appVersion":"2023-10-02T14:40:42Z","lifeCycleId":"Published","createdByClientVersion":{"major":3,"minor":23041,"build":11,"revision":0,"majorRevision":0,"minorRevision":0},"minClientVersion":{"major":3,"minor":23041,"build":11,"revision":0,"majorRevision":0,"minorRevision":0},"backgroundColor":"RGBA(0,176,240,1)","backgroundImageUri":"/14218079516898442039/N67e0ae6c-66e6-48a9-be02-b8fa16ed284d-cr99a_newteamrequest_c2a91_BackgroundImageUri","displayName":"New Team Request","description":"","commitMessage":"","appUris":{"documentUri":{"value":"/14218079516898442039/N2bcd5b18-75b8-4ad8-94c6-9f7c5b4088f8-cr99a_newteamrequest_c2a91_DocumentUri.msapp"},"imageUris":[],"additionalUris":[]},"createdTime":"0001-01-01T00:00:00Z","lastModifiedTime":"0001-01-01T00:00:00Z","sharedGroupsCount":0,"sharedUsersCount":0,"connectionReferences":{"f76bf883-e066-43f9-9ef0-afd5748b2c4c":{"id":"eedb411a-07a0-4f88-b4fc-b988be69b2ef","displayName":"Utilisateurs d’Office 365","iconUri":"https://connectoricons-prod.azureedge.net/u/henryorsborn/partial-builds/asev3migrations-with-resourceTemplate/1.0.1653.3414/office365users/icon.png","dataSources":["Office365Users"],"dependencies":[],"dependents":[],"parameterHints":{},"parameterHintsV2":{},"isOnPremiseConnection":false,"bypassConsent":false,"dataSets":{},"apiTier":"Standard","isCustomApiConnection":false,"actions":["SearchUser"]},"2f30ff03-96d7-4d40-aaa1-be62a8f252c4":{"id":"d3438ce1-b9a3-4ad3-8dbc-5d04f7ce0d0c","displayName":"SharePoint","iconUri":"https://connectoricons-prod.azureedge.net/u/henryorsborn/partial-builds/asev3migrations-with-resourceTemplate/1.0.1653.3414/sharepointonline/icon.png","dataSources":["SharePointList"],"dependencies":[],"dependents":[],"parameterHints":{},"parameterHintsV2":{},"isOnPremiseConnection":false,"bypassConsent":false,"dataSets":{"https://microsoftcda.sharepoint.com/sites/UATforfinancedep2_cr3f4_SharePointSite":{"datasetOverride":{"environmentVariableName":"cr3f4_SharePointSite"},"dataSources":{"SharePointList":{"tableName":"68d11425-6da0-4311-9d2b-68e8ea4f936f","tableNameOverride":{"environmentVariableName":"cr3f4_SharePointList"}}}}},"apiTier":"Standard","isCustomApiConnection":false,"actions":["providers/PowerPlatform.Governance/Operations/Read","providers/PowerPlatform.Governance/Operations/Write"]}},"authorizationReferences":[],"databaseReferences":{},"almMode":"Solution","performanceOptimizationEnabled":true,"canConsumeAppPass":true,"enableModernRuntimeMode":false,"executionRestrictions":{"isTeamsOnly":false,"dataLossPreventionEvaluationResult":{"status":"Compliant","lastEvaluationDate":"2023-10-02T14:40:59.8133227Z","violations":[],"violationsByPolicy":[],"violationErrorMessage":"L’application utilise les connecteurs suivants : shared_office365users, shared_sharepointonline."}}},"isAppComponentLibrary":false,"appType":"ClassicCanvasApp","appComponents":[]}}