{"schemaVersion":"1.0","appDefinitionTemplate":{"id":"/providers/Microsoft.PowerApps/apps/","type":"Microsoft.PowerApps/apps","tags":{"primaryDeviceWidth":"1366","primaryDeviceHeight":"768","sienaVersion":"20210813T195055Z-3.21081.49.0","deviceCapabilities":"","supportsPortrait":"true","supportsLandscape":"true","primaryFormFactor":"Tablet","publisherVersion":"3.21081.49","minimumRequiredApiVersion":"2.2.0","hasComponent":"true","hasUnlockedComponent":"true","isUnifiedRootApp":"false"},"properties":{"appVersion":"2023-09-13T12:21:38Z","lifeCycleId":"Published","createdByClientVersion":{"major":3,"minor":21081,"build":49,"revision":0,"majorRevision":0,"minorRevision":0},"minClientVersion":{"major":3,"minor":21081,"build":49,"revision":0,"majorRevision":0,"minorRevision":0},"backgroundColor":"rgba(204, 228, 246, 1)","backgroundImageUri":"/18369771451726273722/Nac2725b9-df30-41c8-b627-3d93b5c68a3a-N77cbe440-d92a-4fe8-8988-f3424a30fbc7-logoSmallFile","displayName":"HelpDesk 2023","description":"","commitMessage":"","appUris":{"documentUri":{"value":"/18369771451726273722/N7a233d7f-1d07-412b-8cad-167225d378aa-N84947cc0-f8ed-4abc-99c3-f747911fcda6-document.msapp"},"imageUris":[],"additionalUris":[]},"createdTime":"0001-01-01T00:00:00Z","lastModifiedTime":"0001-01-01T00:00:00Z","sharedGroupsCount":0,"sharedUsersCount":0,"connectionReferences":{},"databaseReferences":{},"almMode":"Environment","performanceOptimizationEnabled":true,"canConsumeAppPass":true,"enableModernRuntimeMode":false,"executionRestrictions":{"isTeamsOnly":false,"dataLossPreventionEvaluationResult":{"status":"Compliant","lastEvaluationDate":"2021-07-22T20:19:45.2928275Z","violations":[],"violationsByPolicy":[],"violationErrorMessage":"La aplicación usa los siguientes conectores: ."}}},"appType":"ClassicCanvasApp","appComponents":[]}}