{"schemaVersion":"1.0","appDefinitionTemplate":{"id":"/providers/Microsoft.PowerApps/apps/","type":"Microsoft.PowerApps/apps","tags":{"primaryDeviceWidth":"1919","primaryDeviceHeight":"785","supportsPortrait":"true","supportsLandscape":"true","primaryFormFactor":"Tablet","publisherVersion":"3.22122.15","minimumRequiredApiVersion":"2.2.0","hasComponent":"true","hasUnlockedComponent":"false","isUnifiedRootApp":"false","sienaVersion":"20231002T141409Z-3.22122.15.0"},"properties":{"appVersion":"2023-10-02T14:14:09Z","lifeCycleId":"Published","createdByClientVersion":{"major":3,"minor":22122,"build":15,"revision":0,"majorRevision":0,"minorRevision":0},"minClientVersion":{"major":3,"minor":22122,"build":15,"revision":0,"majorRevision":0,"minorRevision":0},"backgroundColor":"rgba(238, 238, 238, 1)","backgroundImageUri":"/5803598503031866224/Ne50b03ac-d583-4c93-a006-80dada933cf6-lr_materialdesigndemo_f83cf_BackgroundImageUri","displayName":"Material Design Demo","description":"You should update the App \"OnStart\" settings to your company's branding design & use as a starting app for all future apps.","commitMessage":"","appUris":{"documentUri":{"value":"/5803598503031866224/N158ed5f0-9cf7-402b-9a92-cc4dcc8ec36f-lr_materialdesigndemo_f83cf_DocumentUri.msapp"},"imageUris":[],"additionalUris":[]},"createdTime":"0001-01-01T00:00:00Z","lastModifiedTime":"0001-01-01T00:00:00Z","sharedGroupsCount":0,"sharedUsersCount":0,"connectionReferences":{},"authorizationReferences":[],"databaseReferences":{},"almMode":"Solution","performanceOptimizationEnabled":true,"canConsumeAppPass":true,"enableModernRuntimeMode":false,"executionRestrictions":{"isTeamsOnly":false,"dataLossPreventionEvaluationResult":{"status":"Compliant","lastEvaluationDate":"2023-10-02T14:14:27.0808445Z","violations":[],"violationsByPolicy":[],"violationErrorMessage":"L’application utilise les connecteurs suivants : ."}}},"isAppComponentLibrary":false,"appType":"ClassicCanvasApp","appComponents":[]}}