{"schemaVersion":"1.0","appDefinitionTemplate":{"id":"/providers/Microsoft.PowerApps/apps/","type":"Microsoft.PowerApps/apps","tags":{"primaryDeviceWidth":"1366","primaryDeviceHeight":"768","sienaVersion":"20230203T131716Z-3.23013.17.0","deviceCapabilities":"","supportsPortrait":"true","supportsLandscape":"true","primaryFormFactor":"Tablet","publisherVersion":"3.23013.17","minimumRequiredApiVersion":"2.2.0","hasComponent":"false","hasUnlockedComponent":"false","isUnifiedRootApp":"false"},"properties":{"appVersion":"2023-09-13T12:11:06Z","lifeCycleId":"Published","createdByClientVersion":{"major":3,"minor":23013,"build":17,"revision":0,"majorRevision":0,"minorRevision":0},"minClientVersion":{"major":3,"minor":23013,"build":17,"revision":0,"majorRevision":0,"minorRevision":0},"backgroundColor":"RGBA(0,176,240,1)","backgroundImageUri":"/11477215019711489535/N98a2bc28-8d5f-4e9c-b562-32fbadb4bbcc-N7e644418-34fc-4464-8e86-a09da81e0e4d-logoSmallFile","displayName":"Barcode - QR Code Generator","description":"","commitMessage":"","appUris":{"documentUri":{"value":"/11477215019711489535/N6bf2ca5b-347a-436b-a15a-51d0db4b150b-N234f7151-ded2-48fe-8aa9-9b6e1182e21b-document.msapp"},"imageUris":[],"additionalUris":[]},"createdTime":"0001-01-01T00:00:00Z","lastModifiedTime":"0001-01-01T00:00:00Z","sharedGroupsCount":0,"sharedUsersCount":0,"connectionReferences":{"757596fd-de72-4a90-9628-b664c3e8008f":{"id":"286952c1-c4e4-444a-8745-04359df90131","displayName":"Office 365 Outlook","iconUri":"https://connectoricons-prod.azureedge.net/u/laborbol/partial-builds/ase-v3/1.0.1653.3402/office365/icon.png","dataSources":["Office365Outlook"],"dependencies":[],"dependents":[],"parameterHints":{},"parameterHintsV2":{},"isOnPremiseConnection":false,"bypassConsent":false,"dataSets":{},"apiTier":"Standard","isCustomApiConnection":false,"actions":["SendEmailV2"]},"07301126-1403-4af4-bb1b-1d78ddfdee6a":{"id":"b4b00449-c813-4883-9ded-dc0e44f676b0","displayName":"Logic flows","iconUri":"https://connectoricons-prod.azureedge.net/releases/v1.0.1653/1.0.1653.3403/logicflows/icon.png","dataSources":["QRCodetoOneDrive"],"dependencies":["4313d03b-1da7-418a-bc66-c1b4bc72bfcf"],"dependents":[],"parameterHints":{"workflowName":{"value":"463b408e-6562-455a-b4b7-be2143cd391d"},"workflowEntityId":{},"4313d03b-1da7-418a-bc66-c1b4bc72bfcf":{"value":"shared_onedriveforbusiness"}},"parameterHintsV2":{"workflowName":{"value":"463b408e-6562-455a-b4b7-be2143cd391d"},"workflowEntityId":{},"shared_onedriveforbusiness":{"value":"4313d03b-1da7-418a-bc66-c1b4bc72bfcf"}},"isOnPremiseConnection":false,"bypassConsent":false,"dataSets":{},"apiTier":"Standard","isCustomApiConnection":false,"actions":["Run"],"nestedActions":[{"id":"/providers/Microsoft.PowerApps/apis/shared_onedriveforbusiness/apiOperations/CopyFile","apiName":"OneDrive for Business","actionName":"CopyFile","referencedResources":[]}]},"4313d03b-1da7-418a-bc66-c1b4bc72bfcf":{"id":"11adc585-aacd-4203-8998-074bf5151cc9","displayName":"OneDrive for Business","iconUri":"https://connectoricons-prod.azureedge.net/releases/v1.0.1647/1.0.1647.3361/onedriveforbusiness/icon.png","dataSources":[],"dependencies":[],"dependents":["07301126-1403-4af4-bb1b-1d78ddfdee6a"],"parameterHints":{},"parameterHintsV2":{},"isOnPremiseConnection":false,"bypassConsent":false,"dataSets":{},"apiTier":"Standard","isCustomApiConnection":false}},"databaseReferences":{},"almMode":"Environment","performanceOptimizationEnabled":true,"canConsumeAppPass":true,"enableModernRuntimeMode":false,"executionRestrictions":{"isTeamsOnly":false,"dataLossPreventionEvaluationResult":{"status":"Compliant","lastEvaluationDate":"2023-02-03T13:17:37.9273945Z","violations":[],"violationsByPolicy":[],"violationErrorMessage":"The app uses the following connectors: shared_office365, shared_logicflows, shared_onedriveforbusiness."},"httpActionRestriction":{"appUsesSharepointHttpAction":false,"enforcementStrategy":"Legacy","evaluationTime":"2023-02-03T13:17:37.9273063Z"}}},"appType":"ClassicCanvasApp","appComponents":[]}}