{"name":"1274ea6e-43a3-4437-b479-6fe4f52ed4e6","id":"/providers/Microsoft.Flow/flows/1274ea6e-43a3-4437-b479-6fe4f52ed4e6","type":"Microsoft.Flow/flows","properties":{"apiId":"/providers/Microsoft.PowerApps/apis/shared_logicflows","displayName":"QR Code to OneDrive","definition":{"metadata":{"workflowEntityId":null,"processAdvisorMetadata":null,"flowclientsuspensionreason":"None","flowclientsuspensiontime":null,"flowclientsuspensionreasondetails":null,"creator":{"id":"50eec024-82f1-4ff6-818b-47025d1f6786","type":"User","tenantId":"c7acbee9-7f7f-42a4-b30d-f331a7afa68d"},"provisioningMethod":"FromDefinition","failureAlertSubscription":true,"clientLastModifiedTime":"2023-09-13T12:10:54.5786986Z","flowChargedByPaygo":null},"$schema":"https://schema.management.azure.com/providers/Microsoft.Logic/schemas/2016-06-01/workflowdefinition.json#","contentVersion":"1.0.0.0","parameters":{"$connections":{"defaultValue":{},"type":"Object"},"$authentication":{"defaultValue":{},"type":"SecureObject"}},"triggers":{"manual":{"metadata":{"operationMetadataId":"74653453-6571-455d-8992-319834e1b76e"},"type":"Request","kind":"PowerApp","inputs":{"schema":{"type":"object","properties":{"Compose_Inputs":{"type":"any","description":"Inputs","x-ms-powerflows-param-ispartial":false}},"required":["Compose_Inputs"]}}}},"actions":{"Compose":{"runAfter":{},"metadata":{"operationMetadataId":"e572c493-d533-4c14-86bd-68748cf56f3c"},"type":"Compose","inputs":"@triggerBody()['Compose_Inputs']"},"Parse_JSON":{"runAfter":{"Compose":["Succeeded"]},"metadata":{"operationMetadataId":"afcc86ce-b93e-4c03-81f0-b97b3a9012ce"},"type":"ParseJson","inputs":{"content":"@outputs('Compose')","schema":{"type":"array","items":{"type":"object","properties":{"Image":{"type":"string"},"Name":{"type":"string"}},"required":["Image","Name"]}}}},"Apply_to_each":{"foreach":"@body('Parse_JSON')","actions":{"Upload_file_from_URL":{"runAfter":{},"metadata":{"operationMetadataId":"6bf7c1c0-c6a0-422e-a5f6-b27a069493be"},"type":"OpenApiConnection","inputs":{"host":{"apiId":"/providers/Microsoft.PowerApps/apis/shared_onedriveforbusiness","connectionName":"shared_onedriveforbusiness","operationId":"CopyFile"},"parameters":{"source":"@items('Apply_to_each')['Image']","destination":"/QR Images/@{items('Apply_to_each')['Name']}","overwrite":true},"authentication":{"value":"@json(decodeBase64(triggerOutputs().headers['X-MS-APIM-Tokens']))['$ConnectionKey']","type":"Raw"}}}},"runAfter":{"Parse_JSON":["Succeeded"]},"metadata":{"operationMetadataId":"6286a81a-3f16-4c9e-a7e9-64eb9230e40a"},"type":"Foreach"}}},"connectionReferences":{"shared_onedriveforbusiness":{"connectionName":"shared-onedriveforbu-2f9feb0c-6449-4381-b32c-d357605d0545","source":"Invoker","id":"/providers/Microsoft.PowerApps/apis/shared_onedriveforbusiness","tier":"NotSpecified"}},"flowFailureAlertSubscribed":false,"isManaged":false}}