{"schemaVersion":"1.0","appDefinitionTemplate":{"id":"/providers/Microsoft.PowerApps/apps/","type":"Microsoft.PowerApps/apps","tags":{"primaryDeviceWidth":"1366","primaryDeviceHeight":"768","sienaVersion":"20230913T125233Z-3.21111.35.0","deviceCapabilities":"","supportsPortrait":"true","supportsLandscape":"true","primaryFormFactor":"Tablet","publisherVersion":"3.21111.35","minimumRequiredApiVersion":"2.2.0","hasComponent":"true","hasUnlockedComponent":"true","isUnifiedRootApp":"false"},"properties":{"appVersion":"2023-09-13T12:52:33Z","lifeCycleId":"Published","createdByClientVersion":{"major":3,"minor":21111,"build":35,"revision":0,"majorRevision":0,"minorRevision":0},"minClientVersion":{"major":3,"minor":21111,"build":35,"revision":0,"majorRevision":0,"minorRevision":0},"backgroundColor":"rgba(0, 176, 240, 1)","backgroundImageUri":"/5160668405725920648/N3a9b42e8-1f8a-466f-952a-81dcad276a7b-cr466_coffeeflex_2d3d8_BackgroundImageUri","displayName":"Coffee Flex","description":"","commitMessage":"","appUris":{"documentUri":{"value":"/5160668405725920648/Nd2a988b7-c63a-4ed9-9796-65bbf141266f-cr466_coffeeflex_2d3d8_DocumentUri.msapp"},"imageUris":[],"additionalUris":[]},"createdTime":"0001-01-01T00:00:00Z","lastModifiedTime":"0001-01-01T00:00:00Z","sharedGroupsCount":0,"sharedUsersCount":0,"connectionReferences":{"d8f4914f-e246-4543-8063-454a43cca0c1":{"id":"eedb411a-07a0-4f88-b4fc-b988be69b2ef","displayName":"Utilisateurs d’Office 365","iconUri":"https://connectoricons-prod.azureedge.net/u/laborbol/partial-builds/ase-v3/1.0.1653.3402/office365users/icon.png","dataSources":["Office365Users"],"dependencies":[],"dependents":[],"parameterHints":{},"parameterHintsV2":{},"isOnPremiseConnection":false,"bypassConsent":false,"dataSets":{},"apiTier":"Standard","isCustomApiConnection":false,"actions":["MyProfileV2","UserPhoto"]},"df2d2efc-10a2-44c1-bf71-8cf517b6008d":{"id":"286952c1-c4e4-444a-8745-04359df90131","displayName":"Office 365 Outlook","iconUri":"https://connectoricons-prod.azureedge.net/u/laborbol/partial-builds/ase-v3/1.0.1653.3402/office365/icon.png","dataSources":["Office365Outlook"],"dependencies":[],"dependents":[],"parameterHints":{},"parameterHintsV2":{},"isOnPremiseConnection":false,"bypassConsent":false,"dataSets":{},"apiTier":"Standard","isCustomApiConnection":false,"actions":["FindMeetingTimesV2","CalendarGetTables"]},"b72019c8-3558-408e-9b33-7c16a96b331b":{"id":"92d5f8b9-3219-4e7d-8725-023218787ccd","displayName":"Microsoft Teams","iconUri":"https://connectoricons-prod.azureedge.net/releases/v1.0.1652/1.0.1652.3394/teams/icon.png","dataSources":["MicrosoftTeams"],"dependencies":[],"dependents":[],"parameterHints":{},"parameterHintsV2":{},"isOnPremiseConnection":false,"bypassConsent":false,"dataSets":{},"apiTier":"Standard","isCustomApiConnection":false,"actions":["CreateTeamsMeeting"]}},"authorizationReferences":[],"databaseReferences":{"default.cds":{"databaseDetails":{"referenceType":"Environmental","environmentName":"default.cds","overrideValues":{"status":"NotSpecified"}},"dataSources":{"Matches":{"entitySetName":"cr466_matcheses","logicalName":"cr466_matches"},"Registered Users":{"entitySetName":"cr466_registereduserses","logicalName":"cr466_registeredusers"}}}},"almMode":"Solution","performanceOptimizationEnabled":true,"canConsumeAppPass":true,"enableModernRuntimeMode":false,"executionRestrictions":{"isTeamsOnly":false,"dataLossPreventionEvaluationResult":{"status":"Compliant","lastEvaluationDate":"2023-09-13T12:52:50.2670806Z","violations":[],"violationsByPolicy":[],"violationErrorMessage":"L’application utilise les connecteurs suivants : shared_office365users, shared_office365, shared_teams, shared_commondataservice."}}},"isAppComponentLibrary":false,"appType":"ClassicCanvasApp","appComponents":[]}}